orderNo,clientName,address,phone,vendorName,operationType,cut,promise,amount,lat,lng,status,messengerId,manualAssignmentOnly
SO260820001,Cliente QA 001 Zona 1,"2a Avenida 3-11, Zona 1, Guatemala",42000001,Andrea Ruiz,Entrega,08:00,08:00-17:30,387,14.6109,-90.5209,Pendiente,,False
SO260820002,Cliente QA 002 Zona 4,"3a Avenida 4-12, Zona 4, Guatemala",43000002,Carlos Méndez,Cobro,09:30,08:00-17:30,524,14.6169,-90.4999,Pendiente,,False
SO260820003,Cliente QA 003 Zona 5,"4a Avenida 5-13, Zona 5, Guatemala",44000003,María López,Recolecta,12:30,08:00-17:30,661,14.6229,-90.4789,Pendiente,,False
SO260820004,Cliente QA 004 Zona 7,"5a Avenida 6-14, Zona 7, Guatemala",45000004,Sandra Rodríguez,Gestión,14:00,08:00-17:30,798,14.6289,-90.5279,Pendiente,,False
SO260820005,Cliente QA 005 Zona 9,"6a Avenida 7-15, Zona 9, Guatemala",46000005,Wendy Siomara,Pedido,08:00,08:00-17:30,935,14.6349,-90.5069,Pendiente,,False
SO260820006,Cliente QA 006 Zona 10,"7a Avenida 8-16, Zona 10, Guatemala",47000006,Heidy Lucresia,Devolución,09:30,08:00-17:30,1072,14.6409,-90.4859,Pendiente,,False
SO260820007,Cliente QA 007 Zona 11,"8a Avenida 9-17, Zona 11, Guatemala",48000007,Noelia Verónica,Entrega,12:30,08:00-17:30,1209,14.6469,-90.5349,Pendiente,,False
SO260820008,Cliente QA 008 Zona 12,"9a Avenida 10-18, Zona 12, Guatemala",49000008,José Lemus,Cobro,14:00,08:00-17:30,1346,14.6529,-90.5139,Pendiente,,False
SO260820009,Cliente QA 009 Zona 14,"10a Avenida 11-19, Zona 14, Guatemala",41000009,Raúl Pérez,Recolecta,08:00,08:00-17:30,1483,14.6589,-90.4929,Pendiente,,False
SO260820010,Cliente QA 010 Zona 15,"11a Avenida 12-20, Zona 15, Guatemala",42000010,Flor García,Gestión,09:30,08:00-17:30,155,14.6049,-90.5419,Pendiente,,True
SO260820011,Cliente QA 011 Zona 16,"12a Avenida 13-21, Zona 16, Guatemala",43000011,Andrea Ruiz,Pedido,12:30,08:00-17:30,1757,14.6109,-90.5209,Pendiente,,False
SO260820012,Cliente QA 012 Zona 1,"13a Avenida 14-22, Zona 1, Guatemala",44000012,Carlos Méndez,Devolución,14:00,08:00-17:30,1894,14.6169,-90.4999,Pendiente,,False
SO260820013,Cliente QA 013 Zona 4,"14a Avenida 15-23, Zona 4, Guatemala",45000013,María López,Entrega,08:00,08:00-17:30,2031,14.6229,-90.4789,Pendiente,,False
SO260820014,Cliente QA 014 Zona 5,"15a Avenida 16-24, Zona 5, Guatemala",46000014,Sandra Rodríguez,Cobro,09:30,08:00-17:30,2168,14.6289,-90.5279,Pendiente,,False
SO260820015,Cliente QA 015 Zona 7,"16a Avenida 17-25, Zona 7, Guatemala",47000015,Wendy Siomara,Recolecta,12:30,08:00-17:30,2305,14.6349,-90.5069,Pendiente,,False
SO260820016,Cliente QA 016 Zona 9,"17a Avenida 18-26, Zona 9, Guatemala",48000016,Heidy Lucresia,Gestión,14:00,08:00-17:30,2442,14.6409,-90.4859,Pendiente,,False
SO260820017,Cliente QA 017 Zona 10,"18a Avenida 19-27, Zona 10, Guatemala",49000017,Noelia Verónica,Pedido,08:00,08:00-17:30,2579,14.6469,-90.5349,Pendiente,,False
SO260820018,Cliente QA 018 Zona 11,"1a Avenida 20-28, Zona 11, Guatemala",41000018,José Lemus,Devolución,09:30,08:00-17:30,2716,14.6529,-90.5139,Pendiente,,False
SO260820019,Cliente QA 019 Zona 12,"2a Avenida 21-29, Zona 12, Guatemala",42000019,Raúl Pérez,Entrega,12:30,08:00-17:30,2853,14.6589,-90.4929,Pendiente,,False
SO260820020,Cliente QA 020 Zona 14,"3a Avenida 22-30, Zona 14, Guatemala",43000020,Flor García,Cobro,14:00,08:00-17:30,160,14.6049,-90.5419,Pendiente,,True
SO260820021,Cliente QA 021 Zona 15,"4a Avenida 23-31, Zona 15, Guatemala",44000021,Andrea Ruiz,Recolecta,08:00,08:00-17:30,3127,14.6109,-90.5209,Pendiente,,False
SO260820022,Cliente QA 022 Zona 16,"5a Avenida 24-32, Zona 16, Guatemala",45000022,Carlos Méndez,Gestión,09:30,08:00-17:30,3264,14.6169,-90.4999,Pendiente,,False
SO260820023,Cliente QA 023 Zona 1,"6a Avenida 25-33, Zona 1, Guatemala",46000023,María López,Pedido,12:30,08:00-17:30,3401,14.6229,-90.4789,Pendiente,,False
SO260820024,Cliente QA 024 Zona 4,"7a Avenida 26-34, Zona 4, Guatemala",47000024,Sandra Rodríguez,Devolución,14:00,08:00-17:30,3538,14.6289,-90.5279,Pendiente,,False
SO260820025,Cliente QA 025 Zona 5,"8a Avenida 2-35, Zona 5, Guatemala",48000025,Wendy Siomara,Entrega,08:00,08:00-17:30,3675,14.6349,-90.5069,Pendiente,,False
SO260820026,Cliente QA 026 Zona 7,"9a Avenida 3-36, Zona 7, Guatemala",49000026,Heidy Lucresia,Cobro,09:30,08:00-17:30,3812,14.6409,-90.4859,Pendiente,,False
SO260820027,Cliente QA 027 Zona 9,"10a Avenida 4-37, Zona 9, Guatemala",41000027,Noelia Verónica,Recolecta,12:30,08:00-17:30,3949,14.6469,-90.5349,Pendiente,,False
SO260820028,Cliente QA 028 Zona 10,"11a Avenida 5-38, Zona 10, Guatemala",42000028,José Lemus,Gestión,14:00,08:00-17:30,4086,14.6529,-90.5139,Pendiente,,False
SO260820029,Cliente QA 029 Zona 11,"12a Avenida 6-39, Zona 11, Guatemala",43000029,Raúl Pérez,Pedido,08:00,08:00-17:30,4223,14.6589,-90.4929,Pendiente,,False
SO260820030,Cliente QA 030 Zona 12,"13a Avenida 7-40, Zona 12, Guatemala",44000030,Flor García,Devolución,09:30,08:00-17:30,165,14.6049,-90.5419,Pendiente,,True
SO260820031,Cliente QA 031 Zona 14,"14a Avenida 8-41, Zona 14, Guatemala",45000031,Andrea Ruiz,Entrega,12:30,08:00-17:30,4497,14.6109,-90.5209,Pendiente,,False
SO260820032,Cliente QA 032 Zona 15,"15a Avenida 9-42, Zona 15, Guatemala",46000032,Carlos Méndez,Cobro,14:00,08:00-17:30,4634,14.6169,-90.4999,Pendiente,,False
SO260820033,Cliente QA 033 Zona 16,"16a Avenida 10-43, Zona 16, Guatemala",47000033,María López,Recolecta,08:00,08:00-17:30,4771,14.6229,-90.4789,Pendiente,,False
SO260820034,Cliente QA 034 Zona 1,"17a Avenida 11-44, Zona 1, Guatemala",48000034,Sandra Rodríguez,Gestión,09:30,08:00-17:30,4908,14.6289,-90.5279,Pendiente,,False
SO260820035,Cliente QA 035 Zona 4,"18a Avenida 12-45, Zona 4, Guatemala",49000035,Wendy Siomara,Pedido,12:30,08:00-17:30,5045,14.6349,-90.5069,Pendiente,,False
SO260820036,Cliente QA 036 Zona 5,"1a Avenida 13-46, Zona 5, Guatemala",41000036,Heidy Lucresia,Devolución,14:00,08:00-17:30,5182,14.6409,-90.4859,Pendiente,,False
SO260820037,Cliente QA 037 Zona 7,"2a Avenida 14-47, Zona 7, Guatemala",42000037,Noelia Verónica,Entrega,08:00,08:00-17:30,5319,14.6469,-90.5349,Pendiente,,False
SO260820038,Cliente QA 038 Zona 9,"3a Avenida 15-48, Zona 9, Guatemala",43000038,José Lemus,Cobro,09:30,08:00-17:30,5456,14.6529,-90.5139,Pendiente,,False
SO260820039,Cliente QA 039 Zona 10,"4a Avenida 16-49, Zona 10, Guatemala",44000039,Raúl Pérez,Recolecta,12:30,08:00-17:30,5593,14.6589,-90.4929,Pendiente,,False
SO260820040,Cliente QA 040 Zona 11,"5a Avenida 17-50, Zona 11, Guatemala",45000040,Flor García,Gestión,14:00,08:00-17:30,170,14.6049,-90.5419,Pendiente,,True
SO260820041,Cliente QA 041 Zona 12,"6a Avenida 18-51, Zona 12, Guatemala",46000041,Andrea Ruiz,Pedido,08:00,08:00-17:30,5867,14.6109,-90.5209,Pendiente,,False
SO260820042,Cliente QA 042 Zona 14,"7a Avenida 19-52, Zona 14, Guatemala",47000042,Carlos Méndez,Devolución,09:30,08:00-17:30,6004,14.6169,-90.4999,Pendiente,,False
SO260820043,Cliente QA 043 Zona 15,"8a Avenida 20-53, Zona 15, Guatemala",48000043,María López,Entrega,12:30,08:00-17:30,6141,14.6229,-90.4789,Pendiente,,False
SO260820044,Cliente QA 044 Zona 16,"9a Avenida 21-54, Zona 16, Guatemala",49000044,Sandra Rodríguez,Cobro,14:00,08:00-17:30,6278,14.6289,-90.5279,Pendiente,,False
SO260820045,Cliente QA 045 Zona 1,"10a Avenida 22-55, Zona 1, Guatemala",41000045,Wendy Siomara,Recolecta,08:00,08:00-17:30,6415,14.6349,-90.5069,Pendiente,,False
SO260820046,Cliente QA 046 Zona 4,"11a Avenida 23-56, Zona 4, Guatemala",42000046,Heidy Lucresia,Gestión,09:30,08:00-17:30,6552,14.6409,-90.4859,Pendiente,,False
SO260820047,Cliente QA 047 Zona 5,"12a Avenida 24-57, Zona 5, Guatemala",43000047,Noelia Verónica,Pedido,12:30,08:00-17:30,6689,14.6469,-90.5349,Pendiente,,False
SO260820048,Cliente QA 048 Zona 7,"13a Avenida 25-58, Zona 7, Guatemala",44000048,José Lemus,Devolución,14:00,08:00-17:30,6826,14.6529,-90.5139,Pendiente,,False
SO260820049,Cliente QA 049 Zona 9,"14a Avenida 26-59, Zona 9, Guatemala",45000049,Raúl Pérez,Entrega,08:00,08:00-17:30,6963,14.6589,-90.4929,Pendiente,,False
SO260820050,Cliente QA 050 Zona 10,"15a Avenida 2-60, Zona 10, Guatemala",46000050,Flor García,Cobro,09:30,08:00-17:30,175,14.6049,-90.5419,Pendiente,,True
